{"cameraMode":{"drawMode":0,"name":"Shaded","section":"Shading Mode"},"sceneLighting":false,"audioPlay":false,"sceneViewState":{"m_AlwaysRefresh":false,"showFog":true,"showSkybox":false,"showFlares":true,"showImageEffects":true,"showParticleSystems":true,"showVisualEffectGraphs":true,"m_FxEnabled":true},"in2DMode":false,"pivot":{"x":0.019499987363815309,"y":1.3845751285552979,"z":0.006000041961669922},"rotation":{"x":0.01702726073563099,"y":-0.9437072277069092,"z":0.04996908828616142,"w":0.3270275592803955},"size":2.0844624042510988,"orthographic":false}