{"cameraMode":{"drawMode":0,"name":"Shaded","section":"Shading Mode"},"sceneLighting":false,"audioPlay":false,"sceneViewState":{"m_AlwaysRefresh":false,"showFog":true,"showSkybox":false,"showFlares":true,"showImageEffects":true,"showParticleSystems":true,"showVisualEffectGraphs":true,"m_FxEnabled":true},"in2DMode":false,"pivot":{"x":0.05068524181842804,"y":1.0041455030441285,"z":-0.7584190368652344},"rotation":{"x":-0.031797900795936587,"y":0.012614313513040543,"z":-0.0007150481105782092,"w":-0.9995353817939758},"size":1.7676751613616944,"orthographic":false}